{
  "project_info": {
    "project_number": "589597953056",
    "project_id": "pushnotification-8eaa4",
    "storage_bucket": "pushnotification-8eaa4.appspot.com"
  },
  "client": [
    {
      "client_info": {
        "mobilesdk_app_id": "1:589597953056:android:3b7337c657eaa8f1c3c045",
        "android_client_info": {
          "package_name": "com.ajratech.pushnotification"
        }
      },
      "oauth_client": [],
      "api_key": [
        {
          "current_key": "AIzaSyAgSnby6ckALmPpLJ_5Ixxs9SQdHEvs2E8"
        }
      ],
      "services": {
        "appinvite_service": {
          "other_platform_oauth_client": []
        }
      }
    }
  ],
  "configuration_version": "1"
}